<?xml version="1.0" encoding="UTF-8"?>
<extension type="module" version="3.0" client="site" method="upgrade">
	<name>XGallery Flexible Content Element</name>
	<author>Dana Harris</author>
	<authorEmail>optikool@yahoo.com</authorEmail>
	<authorUrl>http://www.eyenetdesigns.com</authorUrl>
	<creationDate>12-27-2014</creationDate>
	<copyright>Copyright (C) 2009 Optikool.com. All rights reserved.</copyright>
	<license>http://www.gnu.org/licenses/gpl-2.0.html GNU/GPL</license>	
	<version>1.0.0</version>
	<description>Displays a list of collections from single or multiple categories.</description>

	<!-- <updateservers>
    	<server type="collection">https://example.com/list.xml</server>
    	<server type="extension" priority="2" name="My Extension's Updates">http://example.com/extension.xml</server>
 	</updateservers> -->
	
	<files>	
		<filename module="mod_xgallery_fce">mod_xgallery_fce.php</filename>	
		<filename>helper.php</filename>		
		<filename>index.html</filename>		
		<folder>css</folder>
		<folder>languages</folder>
		<folder>tmpl</folder>
	</files>
	<languages>
		<language tag="en-GB">languages/en-GB.mod_xgallery_fce.ini</language>
		<language tag="en-GB">languages/en-GB.mod_xgallery_fce.sys.ini</language>
	</languages>
	
	<config>
		<fields name="params">
			<fieldset name="basic">
			    <field 
			        name="cat_id" 
			        type="category" 
		            multiple="multiple"
		            extension="com_xgallery"
		            default="" 
		            label="MOD_XGALLERY_FCE_CATEGORY_ID" 
		            description="MOD_XGALLERY_FCE_CATEGORY_ID_DESC"
		            required="required" />
				<field name="num_collections" type="text" default="4" label="MOD_XGALLERY_FCE_NUMBER_OF_COLLECTIONS" description="MOD_XGALLERY_FCE_NUMBER_OF_COLLECTIONS_DESC" />
				<field name="collections_per_row" type="text" default="4" label="MOD_XGALLERY_FCE_COLLECTIONS_PER_ROW" description="MOD_XGALLERY_FCE_COLLECTIONS_PER_ROW_DESC" />
				<field name="sort_method" type="radio" default="random" label="MOD_XGALLERY_FCE_SORT_ORDER" description="MOD_XGALLERY_FCE_SORT_ORDER_DESC">
					<option value="newest">MOD_XGALLERY_FCE_NEWEST</option>
					<option value="oldest">MOD_XGALLERY_FCE_OLDEST</option>
					<option value="random">MOD_XGALLERY_FCE_RANDOM</option>
					<option value="popular">MOD_XGALLERY_FCE_VIEWS</option>
				</field>
				
				<field name="@spacer" type="spacer" default="" label="" description="" />
				
				<field name="show_thumb" class="btn-group" type="radio" default="1" label="MOD_XGALLERY_FCE_SHOW_THUMBNAILS" description="MOD_XGALLERY_FCE_SHOW_THUMBNAILS_DESC">
					<option value="1">JYES</option>
					<option value="0">JNO</option>
				</field>
				<field name="show_name" class="btn-group" type="radio" default="1" label="MOD_XGALLERY_FCE_SHOW_NAME" description="MOD_XGALLERY_FCE_SHOW_NAME_DESC">
					<option value="1">JYES</option>
					<option value="0">JNO</option>
				</field>
				<field name="show_quicktake" class="btn-group" type="radio" default="1" label="MOD_XGALLERY_FCE_SHOW_QUICKTAKE" description="MOD_XGALLERY_FCE_SHOW_QUICKTAKE_DESC">
					<option value="1">JYES</option>
					<option value="0">JNO</option>
				</field>		
				<field name="show_date" class="btn-group" type="radio" default="1" label="MOD_XGALLERY_FCE_SHOW_DATE" description="MOD_XGALLERY_FCE_SHOW_DATE_DESC">
					<option value="1">JYES</option>
					<option value="0">JNO</option>
				</field>
				<field name="show_hits" class="btn-group" type="radio" default="1" label="MOD_XGALLERY_FCE_SHOW_HITS" description="MOD_XGALLERY_FCE_SHOW_HITS_DESC">
					<option value="1">JYES</option>
					<option value="0">JNO</option>
				</field>
				<field name="show_tags" class="btn-group" type="radio" default="1" label="MOD_XGALLERY_FCE_SHOW_TAGS" description="MOD_XGALLERY_FCE_SHOW_TAGS_DESC">
					<option value="1">JYES</option>
					<option value="0">JNO</option>
				</field>
				<field name="show_submitter" class="btn-group" type="radio" default="0" label="MOD_XGALLERY_FCE_SHOW_SUBMITTER" description="MOD_XGALLERY_FCE_SHOW_SUBMITTER_DESC">
                	<option value="1">JYES</option>
                	<option value="0">JNO</option>
                </field>
				<field name="show_css" class="btn-group" type="radio" default="0" label="MOD_XGALLERY_FCE_ENABLE_CSS" description="MOD_XGALLERY_FCE_ENABLE_CSS_DESC">
					<option value="1">JYES</option>
					<option value="0">JNO</option>
				</field>
			</fieldset>
			<fieldset name="advanced">
			    <field
					name="layout"
					type="modulelayout"
					label="JFIELD_ALT_LAYOUT_LABEL"
					description="JFIELD_ALT_MODULE_LAYOUT_DESC" />
			    <field 
			        name="moduleclass_sfx" 
			        type="text" 
			        default="" 
			        label="MOD_XGALLERY_FCE_MODULE_CLASS_SUFFIX" 
			        description="MOD_XGALLERY_FCE_MODULE_CLASS_SUFFIX_DESC" />
			    <field
					name="cache"
					type="list"
					default="1"
					label="COM_MODULES_FIELD_CACHING_LABEL"
					description="COM_MODULES_FIELD_CACHING_DESC">
					<option
						value="1">JGLOBAL_USE_GLOBAL</option>
					<option
						value="0">COM_MODULES_FIELD_VALUE_NOCACHING</option>
				</field>
				<field
					name="cache_time"
					type="text"
					default="900"
					label="COM_MODULES_FIELD_CACHE_TIME_LABEL"
					description="COM_MODULES_FIELD_CACHE_TIME_DESC" />
				<field
					name="cachemode"
					type="hidden"
					default="itemid">
					<option
						value="itemid"></option>
				</field>			    
			</fieldset>
		</fields>
	</config>	
</extension>
